,bgc,bioactivity,jaccard_score,homolog
0,ABYX02000001.1.region002,['antibacterial'],1.0,BGC0000336
1,AL645882.2.region011,['antibacterial'],1.0,BGC0000194
2,ABYX02000001.1.region005,['antibacterial'],1.0,BGC0000431
3,PPFB01000001.1.region006,['unknown'],1.0,BGC0001298
4,CP009124.1.region017,['unknown'],1.0,BGC0001370
5,CP009124.1.region016,['antibacterial'],1.0,BGC0000194
6,CP008786.1.region005,['antibacterial-antifungal-cytotoxic'],1.0,BGC0000961
7,CP000117.1.region008,['unknown'],1.0,BGC0000427
8,CP000076.1.region008,['antibacterial-antifungal'],1.0,BGC0000924
9,CP000076.1.region005,['antifungal'],1.0,BGC0000127
10,CP000076.1.region004,['antifungal'],1.0,BGC0000399
11,CM001023.1.region002,['unknown'],1.0,BGC0000650
12,AZXH01000004.1.region003,['unknown'],1.0,BGC0000150
13,AZXC01000019.1.region001,['siderophore'],1.0,BGC0000423
14,ARJI01000053.1.region002,['other'],1.0,BGC0000649
15,ARJI01000037.1.region001,['antibacterial'],1.0,BGC0001230
16,ARJI01000017.1.region001,['antibacterial-antifungal-cytotoxic'],1.0,BGC0000028
17,CP025018.1.region009,['antibacterial'],1.0,BGC0001523
18,CP025018.1.region010,['antibacterial'],1.0,BGC0000114
19,CP025018.1.region011,['cytotoxic'],1.0,BGC0000053
20,KB899005.1.region001,['antibacterial'],1.0,BGC0001230
21,KI932682.1.region001,['cytotoxic'],1.0,BGC0000598
22,KE384240.1.region003,['antibacterial'],1.0,BGC0000220
23,KE354310.1.region001,['antibacterial'],1.0,BGC0002012
24,KE354297.1.region001,['antibacterial'],1.0,BGC0000610
25,KB899030.1.region001,['cytotoxic'],1.0,BGC0001696
26,KB899024.1.region001,['antibacterial-antifungal-cytotoxic'],1.0,BGC0000028
27,KB898992.1.region002,['other'],1.0,BGC0000649
28,CP032543.1.region008,['antibacterial-antifungal-cytotoxic'],1.0,BGC0000210
29,JXYX01000008.1.region001,['unknown'],1.0,BGC0000298
30,JNLT01000021.1.region001,['antibacterial-antifungal'],1.0,BGC0000973
31,JH993793.1.region002,['unknown'],1.0,BGC0001350
32,JAIY01000011.1.region001,['antibacterial-antifungal-cytotoxic'],1.0,BGC0000028
33,JAAHHD010000060.region001,['cytotoxic'],1.0,BGC0000962
34,FP565176.1.region007,['antibacterial-antifungal'],1.0,BGC0001088
35,ARJI01000010.1.region001,['cytotoxic'],1.0,BGC0001696
36,CP003642.1.region009,['cytotoxic'],1.0,BGC0001064
37,LNBE01000002.1.region007,['antifungal'],1.0,BGC0001908
38,AL009126.3.region004,['antibacterial'],1.0,BGC0001089
39,AL009126.3.region009,['unknown'],1.0,BGC0000309
40,AL645882.2.region010,['unknown'],1.0,BGC0001370
41,ACWU01000258.1.region001,['antibacterial-antifungal'],0.9310344827586207,BGC0000936
42,VIKZ01000014.1.region001,['cytotoxic'],0.9090909090909091,BGC0001016
43,VIKY01000012.1.region001,['unknown'],0.9,BGC0000472
44,JXYX01000004.1.region001,['cytotoxic'],0.9,BGC0001017
45,JAAHHE010000001.region001,['cytotoxic'],0.8888888888888888,BGC0001165
46,VIKZ01000011.1.region001,['unknown'],0.8888888888888888,BGC0000302
47,BEYQ01000002.1.region001,['cytotoxic'],0.8888888888888888,BGC0001017
48,CP017599.1.region033,['cytotoxic'],0.8888888888888888,BGC0001165
49,ACWU01000249.1.region001,['antibacterial'],0.875,BGC0000412
50,MKZR01000001.1.region012,['cytotoxic'],0.8571428571428571,BGC0000962
51,CP000094.2.region006,['unknown'],0.8571428571428571,BGC0000305
52,CP025018.1.region037,['other'],0.8571428571428571,BGC0001013
53,PPFB01000001.1.region004,['antifungal-cytotoxic'],0.8571428571428571,BGC0001455
54,SHLF01000001.1.region010,['unknown'],0.8461538461538461,BGC0001283
55,ARHU01000058.1.region001,['unknown'],0.8461538461538461,BGC0001283
56,PGEW01000003.1.region002,['unknown'],0.8461538461538461,BGC0001283
57,KB897643.1.region001,['unknown'],0.8461538461538461,BGC0001283
58,KB897375.1.region001,['unknown'],0.8461538461538461,BGC0001283
59,ARHR01000077.1.region001,['unknown'],0.8461538461538461,BGC0001283
60,KB897723.1.region001,['unknown'],0.8461538461538461,BGC0001283
61,AUKP01000007.1.region001,['unknown'],0.8461538461538461,BGC0001283
62,JNID01000025.1.region001,['unknown'],0.8461538461538461,BGC0001283
63,CP009124.1.region012,['antibacterial-antifungal'],0.8333333333333334,BGC0001063
64,CP025018.1.region035,['cytotoxic'],0.8333333333333334,BGC0000074
65,AUKP01000014.1.region001,['antibacterial-antifungal'],0.8333333333333334,BGC0000164
66,JAAHHE010000292.region001,['cytotoxic'],0.8333333333333334,BGC0000962
67,AXVU01000001.1.region002,['antibacterial-antifungal'],0.8333333333333334,BGC0000164
68,QOLE01000004.1.region002,['antibacterial-antifungal'],0.8333333333333334,BGC0000936
69,AL645882.2.region015,['antibacterial-antifungal'],0.8333333333333334,BGC0001063
70,AZWZ01000040.1.region001,['antibacterial-antifungal'],0.8333333333333334,BGC0000164
71,ARHR01000076.1.region001,['antibacterial-antifungal'],0.8333333333333334,BGC0000164
72,KB846726.1.region002,['antibacterial-cytotoxic'],0.8333333333333334,BGC0001074
73,KI911459.1.region003,['antibacterial-antifungal'],0.8333333333333334,BGC0000164
74,AP009552.1.region011,['unknown'],0.8333333333333334,BGC0000298
75,KB898282.1.region002,['antibacterial-cytotoxic'],0.8333333333333334,BGC0001074
76,AP019314.1.region006,['unknown'],0.8333333333333334,BGC0000298
77,KB897635.1.region001,['antibacterial-antifungal'],0.8333333333333334,BGC0000164
78,VIKY01000283.1.region001,['cytotoxic'],0.8181818181818182,BGC0001016
79,ARGJ01000038.1.region001,['antibacterial'],0.8,BGC0001237
80,AXVR01000008.1.region001,['antibacterial-cytotoxic'],0.8,BGC0000241
81,LOMY01000034.1.region001,['cytotoxic'],0.8,BGC0000383
82,CP001037.1.region004,['unknown'],0.8,BGC0001028
83,JAASAX010000008.region001,['antifungal'],0.8,BGC0000827
84,AL645882.2.region019,['unknown'],0.8,BGC0000038
85,KB898235.1.region001,['antifungal'],0.8,BGC0001792
86,CP008786.1.region003,['unknown'],0.8,BGC0000186
87,JAASAW010000016.region001,['antifungal'],0.8,BGC0000827
88,JAASAV010000007.region001,['antifungal'],0.8,BGC0000827
89,ARGH01000073.1.region004,['antibacterial-cytotoxic'],0.8,BGC0000241
90,ABYX02000001.1.region021,['antibacterial-antifungal'],0.8,BGC0000973
91,AZXH01000019.1.region002,['antibacterial-cytotoxic'],0.8,BGC0000241
92,VIKV01000138.1.region001,['unknown'],0.8,BGC0000472
93,AZWJ01000002.1.region001,['antibacterial-cytotoxic'],0.8,BGC0000241
94,ARGK01000084.1.region001,['antibacterial'],0.8,BGC0001237
95,AZUS01000036.1.region001,['antibacterial'],0.8,BGC0001083
96,FM209186.1.region012,['antibacterial-antifungal'],0.8,BGC0000936
97,CP000076.1.region011,['unknown'],0.8,BGC0000413
98,CP049782.1.region021,['antibacterial'],0.8,BGC0001477
99,CP006937.1.region001,['antibacterial'],0.7777777777777778,BGC0000412
100,VILA01000007.1.region001,['unknown'],0.7777777777777778,BGC0000302
101,VIKY01000297.1.region001,['unknown'],0.7777777777777778,BGC0000302
102,CP006937.1.region012,['antibacterial-antifungal'],0.7666666666666667,BGC0000936
103,CP006931.1.region011,['antibacterial-antifungal'],0.7666666666666667,BGC0000936
104,JNID01000045.1.region001,['antibacterial'],0.76,BGC0001079
105,KE354369.1.region001,['antibacterial'],0.75,BGC0001236
106,AL009126.3.region005,['antifungal'],0.75,BGC0000407
107,JNLT01000018.1.region001,['unknown'],0.75,BGC0000658
108,AL009126.3.region012,['antibacterial-antifungal'],0.75,BGC0001184
109,MUBJ01000009.1.region001,['unknown'],0.75,BGC0000464
110,AZXH01000052.1.region001,['unknown'],0.75,BGC0000142
111,CP008785.1.region010,['cytotoxic'],0.75,BGC0000964
112,LSLE01000001.1.region001,['antibacterial-antifungal-cytotoxic'],0.75,BGC0001285
113,CP000744.1.region001,['antibacterial'],0.75,BGC0000412
114,NITY01000022.1.region001,['unknown'],0.75,BGC0000464
115,AGDO01000003.1.region001,['antibacterial'],0.75,BGC0000446
116,JOIW01000014.1.region001,['unknown'],0.75,BGC0000658
117,AGDJ01000014.1.region001,['antibacterial'],0.75,BGC0000446
118,CP049782.1.region006,['antibacterial'],0.75,BGC0001476
119,NKHP01000013.1.region001,['antibacterial'],0.75,BGC0001054
120,NJCX01000004.1.region002,['antibacterial'],0.75,BGC0001054
121,AGDH01000005.1.region001,['antibacterial'],0.75,BGC0000446
122,ABYX02000001.1.region009,['antibacterial'],0.75,BGC0000950
123,KV411304.1.region018,['antifungal-cytotoxic'],0.75,BGC0000632
124,CP009124.1.region006,['unknown'],0.75,BGC0000551
125,AUEV01000019.1.region002,['antibacterial'],0.75,BGC0000544
126,AUKQ01000003.1.region001,['cytotoxic'],0.75,BGC0001172
127,AUKP01000050.1.region001,['antibacterial'],0.75,BGC0001079
128,CP006853.1.region010,['antibacterial-antifungal'],0.7333333333333333,BGC0000936
129,AZWQ01000007.1.region001,['antibacterial-cytotoxic'],0.7272727272727273,BGC0000241
130,VILA01000006.1.region001,['unknown'],0.7272727272727273,BGC0000472
131,PGEW01000004.1.region001,['antibacterial-antifungal'],0.7272727272727273,BGC0000164
132,ARHU01000054.1.region001,['antibacterial-antifungal'],0.7272727272727273,BGC0000164
133,JAAHHD010000018.region001,['cytotoxic'],0.7272727272727273,BGC0001165
134,ARGG01000042.1.region001,['antibacterial-cytotoxic'],0.7272727272727273,BGC0000241
135,ARJI01000048.1.region001,['antibacterial'],0.7142857142857143,BGC0000709
136,KB897727.1.region001,['antibacterial-antifungal'],0.7142857142857143,BGC0000164
137,QOLE01000002.1.region002,['antibacterial'],0.7142857142857143,BGC0000412
138,KB898997.1.region001,['antibacterial'],0.7142857142857143,BGC0000709
139,KB898992.1.region003,['siderophore'],0.7142857142857143,BGC0000368
140,ARJI01000053.1.region003,['siderophore'],0.7142857142857143,BGC0000368
141,ACWU01000001.1.region001,['antibacterial'],0.7058823529411765,BGC0000412
142,AE004091.2.region013,['antibacterial-antifungal'],0.7058823529411765,BGC0000936
143,CP020771.1.region005,['cytotoxic'],0.7,BGC0001017
144,CP004054.2.region011,['antibacterial-antifungal'],0.7,BGC0000936
145,FM209186.1.region001,['antibacterial'],0.6818181818181818,BGC0000412
146,AP012280.1.region012,['antibacterial-antifungal'],0.6764705882352942,BGC0000936
147,CP000736.1.region003,['unknown'],0.6666666666666666,BGC0000944
148,CP001844.2.region003,['unknown'],0.6666666666666666,BGC0000944
149,CP003045.1.region004,['unknown'],0.6666666666666666,BGC0000944
150,CP009124.1.region008,['unknown'],0.6666666666666666,BGC0000038
151,CP003149.1.region011,['antibacterial-antifungal'],0.6666666666666666,BGC0000936
152,CP003603.1.region004,['unknown'],0.6666666666666666,BGC0000944
153,KE384240.1.region001,['siderophore'],0.6666666666666666,BGC0000324
154,VIKV01000211.1.region001,['unknown'],0.6666666666666666,BGC0000302
155,CP000253.1.region004,['unknown'],0.6666666666666666,BGC0000944
156,NJCW01000034.1.region001,['antibacterial'],0.6666666666666666,BGC0001054
157,LOIC01000072.1.region001,['cytotoxic'],0.6666666666666666,BGC0000383
158,CP000255.1.region004,['unknown'],0.6666666666666666,BGC0000944
159,CP011664.1.region021,['antibacterial'],0.6666666666666666,BGC0000047
160,BX571856.1.region004,['unknown'],0.6666666666666666,BGC0000944
161,KB898221.1.region001,['antibacterial'],0.6666666666666666,BGC0001732
162,CP043056.1.region005,['unknown'],0.6666666666666666,BGC0000302
163,CP000438.1.region001,['antibacterial-antifungal'],0.6571428571428571,BGC0000936
164,JAASAW010000024.region001,['unknown'],0.6470588235294118,BGC0001007
165,CP002496.1.region012,['antibacterial-antifungal'],0.6333333333333333,BGC0000936
166,AUGH01000002.1.region003,['cytotoxic'],0.625,BGC0001041
167,ARJI01000039.1.region002,['antibacterial'],0.625,BGC0001661
168,CP006784.1.region004,['unknown'],0.625,BGC0001499
169,KB898221.1.region004,['antifungal'],0.625,BGC0000996
170,AL645882.2.region027,['siderophore'],0.625,BGC0000324
171,KB899004.1.region002,['antibacterial'],0.625,BGC0001661
172,CP006931.1.region001,['antibacterial'],0.625,BGC0000412
173,ARHU01000021.1.region001,['antibacterial'],0.6190476190476191,BGC0001079
174,CP002496.1.region001,['antibacterial-antifungal'],0.6176470588235294,BGC0000936
175,ARBB01000003.1.region005,['antifungal'],0.6153846153846154,BGC0000827
176,ARHR01000033.1.region001,['antibacterial'],0.6086956521739131,BGC0001079
177,ACYA01000027.1.region001,['cytotoxic'],0.6,BGC0000981
178,CP006853.1.region001,['antibacterial'],0.6,BGC0000412
179,ABYX02000001.1.region019,['antibacterial'],0.6,BGC0001522
180,CP008785.1.region004,['antibacterial-cytotoxic'],0.6,BGC0001102
181,NITZ01000013.1.region001,['unknown'],0.6,BGC0001498
182,AP009552.1.region008,['cytotoxic'],0.6,BGC0001017
183,AP019314.1.region003,['cytotoxic'],0.6,BGC0001017
184,ABYX02000001.1.region020,['antibacterial'],0.6,BGC0000306
185,CP024894.1.region009,['siderophore'],0.6,BGC0000300
186,KB898240.1.region001,['other'],0.6,BGC0001216
187,NIBV01000002.1.region002,['unknown'],0.6,BGC0001498
188,CP000438.1.region010,['antibacterial-antifungal'],0.6,BGC0000936
189,ABYX02000001.1.region010,['antibacterial'],0.6,BGC0000904
190,MKZR01000001.1.region023,['cytotoxic'],0.6,BGC0001165
191,CP000094.2.region009,['unknown'],0.6,BGC0000413
192,CP000744.1.region010,['antibacterial-antifungal'],0.6,BGC0000936
193,CM001165.1.region010,['antibacterial'],0.6,BGC0000654
194,AZXC01000001.1.region002,['other'],0.5925925925925926,BGC0000941
195,KB897756.1.region001,['antibacterial'],0.5909090909090909,BGC0001079
196,PGEW01000002.1.region005,['cytotoxic'],0.5882352941176471,BGC0001221
197,SHLF01000001.1.region006,['antibacterial-antifungal'],0.5882352941176471,BGC0000164
198,KB897417.1.region001,['antibacterial'],0.5833333333333334,BGC0001079
199,CP043056.1.region009,['cytotoxic'],0.5833333333333334,BGC0001016
200,AP009324.1.region003,['unknown'],0.5833333333333334,BGC0000944
201,CP003284.1.region011,['unknown'],0.5833333333333334,BGC0000472
202,BA000033.2.region004,['unknown'],0.5833333333333334,BGC0000944
203,KB897426.1.region001,['antibacterial'],0.5789473684210527,BGC0000652
204,CP004054.2.region001,['antibacterial'],0.5769230769230769,BGC0000412
205,JAASAV010000059.region001,['cytotoxic'],0.5714285714285714,BGC0001041
206,KB898991.1.region003,['other'],0.5714285714285714,BGC0000496
207,AZVX01000011.1.region001,['antifungal'],0.5714285714285714,BGC0000827
208,AXVR01000046.1.region001,['antifungal'],0.5714285714285714,BGC0000827
209,NITY01000011.1.region001,['antibacterial'],0.5714285714285714,BGC0001054
210,BEYQ01000012.1.region001,['unknown'],0.5714285714285714,BGC0000298
211,DS999641.1.region006,['cytotoxic'],0.5641025641025641,BGC0000663
212,KB897632.1.region001,['cytotoxic'],0.5555555555555556,BGC0001221
213,AUKR01000007.1.region002,['cytotoxic'],0.5555555555555556,BGC0001078
214,KB897716.1.region003,['cytotoxic'],0.5555555555555556,BGC0001221
215,AZXH01000001.1.region001,['cytotoxic'],0.5555555555555556,BGC0001041
216,KB897373.1.region002,['cytotoxic'],0.5555555555555556,BGC0001221
217,CP003149.1.region001,['antibacterial'],0.5555555555555556,BGC0000412
218,AZWZ01000060.1.region001,['antibacterial'],0.55,BGC0001079
219,AUKW01000011.1.region001,['siderophore'],0.5483870967741935,BGC0001478
220,JXYX01000001.1.region001,['unknown'],0.5454545454545454,BGC0001018
221,CP040916.1.region037,['siderophore'],0.5454545454545454,BGC0000325
222,CP003284.1.region003,['unknown'],0.5384615384615384,BGC0000302
223,AP012280.1.region003,['antibacterial-antifungal'],0.5333333333333333,BGC0000936
224,ARGH01000060.1.region001,['unknown'],0.5294117647058824,BGC0001006
225,AZWJ01000022.1.region001,['unknown'],0.5294117647058824,BGC0001006
226,AXVR01000024.1.region001,['unknown'],0.5294117647058824,BGC0001006
227,AZWB01000026.1.region001,['unknown'],0.5294117647058824,BGC0001006
228,AZVY01000023.1.region001,['unknown'],0.5294117647058824,BGC0001006
229,AZXH01000030.1.region001,['unknown'],0.5294117647058824,BGC0001006
230,CP040916.1.region025,['cytotoxic'],0.525,BGC0000663
231,KB897778.1.region001,['other'],0.5185185185185185,BGC0000941
232,CP025018.1.region021,['cytotoxic-unknown'],0.5,BGC0000340
233,JH992893.1.region003,['cytotoxic'],0.5,BGC0001016
234,CACA01000348.1.region001,['cytotoxic'],0.5,BGC0000981
235,AUGH01000019.1.region001,['unknown'],0.5,BGC0001812
236,ARHR01000079.1.region002,['cytotoxic'],0.5,BGC0001221
237,AL645882.2.region013,['antibacterial'],0.5,BGC0001512
238,CP009124.1.region002,['siderophore'],0.5,BGC0000324
239,AE004091.2.region003,['antibacterial-antifungal'],0.5,BGC0000936
240,AP009552.1.region012,['unknown'],0.5,BGC0001018
241,AUKN01000013.1.region001,['cytotoxic'],0.5,BGC0000091
242,CM001165.1.region013,['antifungal'],0.5,BGC0000996
243,PEFS01000001.1.region006,['cytotoxic'],0.5,BGC0000091
244,KI519460.1.region002,['cytotoxic'],0.5,BGC0001221
245,KE650771.1.region014,['antibacterial-antifungal-cytotoxic'],0.5,BGC0001501
246,ARHU01000069.1.region003,['cytotoxic'],0.5,BGC0001221
247,KE354388.1.region001,['antibacterial'],0.5,BGC0001512
248,CP006784.1.region003,['unknown'],0.5,BGC0001055
249,NIBU01000001.1.region001,['antibacterial'],0.5,BGC0001056
250,CP003229.1.region008,['antibacterial'],0.5,BGC0000847
251,CP009124.1.region015,['antibacterial'],0.5,BGC0000660
252,JNLT01000011.1.region001,['siderophore'],0.5,BGC0000368
253,CP009124.1.region018,['unknown'],0.5,BGC0000940
254,VIKZ01000003.1.region001,['unknown'],0.5,BGC0000472
255,AZWQ01000016.1.region002,['cytotoxic'],0.5,BGC0001041
256,CP025018.1.region038,['antibacterial-antifungal'],0.5,BGC0000075
257,ARBB01000004.1.region008,['antibacterial'],0.5,BGC0000137
258,CP032543.1.region010,['other'],0.5,BGC0000941
259,CP040916.1.region031,['antibacterial'],0.5,BGC0000715
260,KB846746.1.region001,['other'],0.5,BGC0000941
261,AGDO01000001.1.region001,['unknown'],0.5,BGC0001055
262,AL589148.1.region002,['antibacterial'],0.5,BGC0000914
263,AUGH01000002.1.region002,['antifungal'],0.5,BGC0000827
264,DQ381420.1.region001,['unknown'],0.5,BGC0001499
265,CP020114.1.region011,['unknown'],0.5,BGC0001705
266,ARGG01000051.1.region001,['cytotoxic'],0.5,BGC0001041
267,CP011664.1.region008,['antifungal'],0.5,BGC0000052
268,AL645882.2.region021,['unknown'],0.5,BGC0000551
269,JNLT01000017.1.region002,['antibacterial'],0.5,BGC0001801
270,GG657754.1.region012,['antifungal'],0.5,BGC0000171
271,GG657754.1.region031,['antibacterial-cytotoxic'],0.5,BGC0001117
272,GG657758.1.region019,['antibacterial'],0.5,BGC0000374
273,CP001037.1.region006,['unknown'],0.5,BGC0000661
274,KE384250.1.region002,['cytotoxic'],0.5,BGC0001221
275,KE384246.1.region002,['cytotoxic'],0.49019607843137253,BGC0000663
276,AZUS01000042.1.region001,['cytotoxic'],0.4883720930232558,BGC0000663
277,CP009124.1.region005,['cytotoxic'],0.4857142857142857,BGC0000663
278,KB898230.1.region001,['other'],0.48148148148148145,BGC0000941
279,AGDL01000020.1.region001,['unknown'],0.47058823529411764,BGC0001055
280,CP000468.1.region002,['unknown'],0.47058823529411764,BGC0001055
281,AGDJ01000011.1.region001,['unknown'],0.47058823529411764,BGC0001055
282,AGDK01000036.1.region001,['unknown'],0.47058823529411764,BGC0001055
283,AGDH01000007.1.region001,['unknown'],0.47058823529411764,BGC0001055
284,AUKP01000011.1.region002,['cytotoxic'],0.47058823529411764,BGC0001221
285,AL645882.2.region022,['cytotoxic'],0.47058823529411764,BGC0000663
286,KB899001.1.region002,['other'],0.4666666666666667,BGC0000941
287,PPFB01000001.1.region014,['unknown'],0.4666666666666667,BGC0000940
288,QKWM01000004.1.region005,['siderophore'],0.46153846153846156,BGC0001453
289,JOIW01000002.1.region003,['siderophore'],0.4583333333333333,BGC0001478
290,JAASAX010000001.region001,['unknown'],0.4583333333333333,BGC0001007
291,ARGG01000043.1.region001,['unknown'],0.4583333333333333,BGC0001006
292,AUGH01000015.1.region001,['unknown'],0.4583333333333333,BGC0001006
293,AZWQ01000020.1.region001,['unknown'],0.4583333333333333,BGC0001006
294,SHLF01000001.1.region001,['antibacterial'],0.45714285714285713,BGC0001079
295,KB897677.1.region001,['antibacterial'],0.45454545454545453,BGC0001079
296,CP009124.1.region023,['siderophore'],0.45454545454545453,BGC0000325
297,ARHU01000017.1.region001,['antibacterial'],0.45,BGC0000652
298,WWGP01000690.1.region001,['cytotoxic'],0.45,BGC0001723
299,JNLT01000008.1.region002,['other'],0.4482758620689655,BGC0000941
300,AZUS01000010.1.region001,['unknown'],0.4482758620689655,BGC0000940
301,KE354160.1.region001,['cytotoxic'],0.4444444444444444,BGC0000663
302,AMLN01000013.1.region001,['unknown'],0.4444444444444444,BGC0001055
303,JNLT01000003.1.region002,['other'],0.4444444444444444,BGC0000496
304,JAACKE010000001.region008,['cytotoxic'],0.43902439024390244,BGC0000663
305,ARJI01000055.1.region003,['other'],0.42857142857142855,BGC0000496
306,JAASAV010000006.region001,['unknown'],0.4230769230769231,BGC0001007
307,ARBB01000003.1.region016,['unknown'],0.4230769230769231,BGC0001007
308,KB898273.1.region002,['other'],0.4230769230769231,BGC0000941
309,ARHR01000024.1.region001,['antibacterial'],0.42105263157894735,BGC0000652
310,NITZ01000011.1.region001,['antibacterial'],0.4166666666666667,BGC0001054
311,AL645882.2.region009,['siderophore'],0.4166666666666667,BGC0001453
312,AL645882.2.region004,['siderophore'],0.4166666666666667,BGC0000325
313,KB897620.1.region001,['antibacterial'],0.4166666666666667,BGC0000050
314,PTJS01000001.1.region024,['other'],0.4117647058823529,BGC0000853
315,CM001165.1.region006,['cytotoxic'],0.40540540540540543,BGC0000663
316,ARJI01000056.1.region001,['cytotoxic'],0.40476190476190477,BGC0000663
317,ABYX02000001.1.region023,['cytotoxic'],0.40476190476190477,BGC0000663
318,KB897781.1.region002,['antibacterial'],0.4,BGC0001512
319,AL645882.2.region012,['antibacterial'],0.4,BGC0000660
320,c00385_NODE_38...region001,['antifungal'],0.4,BGC0000836
321,AZUS01000023.1.region001,['other'],0.4,BGC0001227
322,AZWL01000020.1.region002,['antibacterial'],0.4,BGC0000226
323,AYUD01000001.1.region007,['unknown'],0.4,BGC0000413
324,PGEW01000002.1.region011,['antibacterial'],0.4,BGC0001079
325,CP020771.1.region007,['unknown'],0.4,BGC0001018
326,JAIY01000015.1.region001,['antibacterial'],0.4,BGC0001512
327,CP001969.1.region002,['unknown'],0.4,BGC0001055
328,PTJS01000001.1.region007,['cytotoxic'],0.4,BGC0000663
329,CP009124.1.region014,['antibacterial'],0.4,BGC0001512
330,PPFB01000001.1.region007,['cytotoxic'],0.3953488372093023,BGC0000663
331,ARJI01000042.1.region002,['other'],0.3793103448275862,BGC0000941
332,JNLT01000024.1.region001,['unknown'],0.375,BGC0000578
333,AXVU01000003.1.region002,['cytotoxic'],0.375,BGC0001221
334,NJAI01000004.1.region001,['antibacterial'],0.375,BGC0001056
335,AUKQ01000036.1.region001,['antibacterial'],0.375,BGC0001661
336,DS999641.1.region015,['other'],0.36666666666666664,BGC0000941
337,DS999641.1.region014,['antibacterial'],0.36363636363636365,BGC0000660
338,AZUS01000006.1.region001,['antibacterial'],0.36363636363636365,BGC0000660
339,JNID01000007.1.region002,['cytotoxic'],0.34615384615384615,BGC0001221
340,c01391_NODE_13...region001,['antibacterial'],0.3333333333333333,BGC0000955
341,PPFB01000001.1.region012,['antibacterial'],0.3333333333333333,BGC0000660
342,LNBE01000003.1.region012,['antibacterial'],0.3333333333333333,BGC0000955
343,LOIC01000018.1.region001,['antibacterial'],0.3333333333333333,BGC0000955
344,PVNL01000031.1.region001,['antibacterial'],0.3333333333333333,BGC0000955
345,PPFB01000001.1.region016,['antibacterial'],0.3333333333333333,BGC0000955
346,MDRX01000001.1.region002,['antibacterial'],0.3333333333333333,BGC0000955
347,MDRX01000001.1.region003,['antibacterial'],0.3333333333333333,BGC0000654
348,NKHP01000018.1.region001,['antibacterial'],0.3333333333333333,BGC0000955
349,MDRX01000001.1.region006,['antibacterial'],0.3333333333333333,BGC0000955
350,MDRX01000001.1.region007,['antibacterial'],0.3333333333333333,BGC0000955
351,MKGR01000013.1.region001,['antibacterial'],0.3333333333333333,BGC0000955
352,LXQD01000205.1.region001,['antibacterial'],0.3333333333333333,BGC0000955
353,MKGR01000017.1.region001,['antibacterial'],0.3333333333333333,BGC0000955
354,MKZS01000001.1.region016,['antibacterial'],0.3333333333333333,BGC0000955
355,VIKW01000042.1.region001,['antibacterial'],0.3333333333333333,BGC0000955
356,MUBK01000017.1.region001,['antibacterial'],0.3333333333333333,BGC0000955
357,NIBS01000007.1.region001,['antibacterial'],0.3333333333333333,BGC0000955
358,NIBS01000029.1.region001,['antibacterial'],0.3333333333333333,BGC0000955
359,VIKW01000032.1.region001,['antibacterial'],0.3333333333333333,BGC0000955
360,NJAH01000016.1.region001,['antibacterial'],0.3333333333333333,BGC0000955
361,LOMY01000100.1.region001,['antibacterial'],0.3333333333333333,BGC0000955
362,NJAJ01000002.1.region002,['antibacterial'],0.3333333333333333,BGC0000955
363,VIKW01000017.1.region001,['antibacterial'],0.3333333333333333,BGC0000955
364,NKHQ01000052.1.region001,['antibacterial'],0.3333333333333333,BGC0000955
365,CP020771.1.region006,['antibacterial'],0.3333333333333333,BGC0000955
366,KB899023.1.region001,['antibacterial'],0.3333333333333333,BGC0000955
367,CP003946.1.region001,['antibacterial'],0.3333333333333333,BGC0000955
368,AZVX01000012.1.region001,['antibacterial'],0.3333333333333333,BGC0000955
369,BEYQ01000005.1.region001,['antibacterial'],0.3333333333333333,BGC0000955
370,BEYQ01000012.1.region002,['antibacterial'],0.3333333333333333,BGC0000955
371,CP000076.1.region010,['unknown'],0.3333333333333333,BGC0000413
372,CP000117.1.region013,['antibacterial'],0.3333333333333333,BGC0000955
373,CP003597.1.region011,['antibacterial'],0.3333333333333333,BGC0000955
374,CP008786.1.region004,['antibacterial'],0.3333333333333333,BGC0000955
375,JAAHGI010000001.region003,['antibacterial'],0.3333333333333333,BGC0000955
376,CP017708.1.region015,['antibacterial'],0.3333333333333333,BGC0000955
377,CP017708.1.region021,['antibacterial'],0.3333333333333333,BGC0000955
378,CP017708.1.region025,['antibacterial'],0.3333333333333333,BGC0000955
379,CP020771.1.region002,['antibacterial'],0.3333333333333333,BGC0000955
380,CP025018.1.region013,['antibacterial'],0.3333333333333333,BGC0000955
381,KB899014.1.region001,['antibacterial'],0.3333333333333333,BGC0000955
382,AXVU01000092.1.region001,['antibacterial'],0.3333333333333333,BGC0001083
383,AUGH01000011.1.region003,['antibacterial'],0.3333333333333333,BGC0000955
384,ARJI01000047.1.region001,['antibacterial'],0.3333333333333333,BGC0000955
385,ARJI01000027.1.region001,['antibacterial'],0.3333333333333333,BGC0000955
386,ARJI01000018.1.region001,['antibacterial'],0.3333333333333333,BGC0000955
387,ARHU01000051.1.region001,['antibacterial'],0.3333333333333333,BGC0000955
388,ARHR01000025.1.region001,['antibacterial'],0.3333333333333333,BGC0000955
389,ARGK01000109.1.region001,['antibacterial'],0.3333333333333333,BGC0000955
390,ARGJ01000051.1.region001,['antibacterial'],0.3333333333333333,BGC0000955
391,AP019314.1.region011,['antibacterial'],0.3333333333333333,BGC0000955
392,ALWB01000112.1.region001,['antibacterial'],0.3333333333333333,BGC0000955
393,AHCD03000044.1.region004,['antibacterial'],0.3333333333333333,BGC0000955
394,AHCD03000035.1.region001,['antibacterial'],0.3333333333333333,BGC0000955
395,AHCD03000027.1.region001,['antibacterial'],0.3333333333333333,BGC0000955
396,AHCD02000170.1.region001,['antibacterial'],0.3333333333333333,BGC0000955
397,AHCD02000148.1.region001,['antibacterial'],0.3333333333333333,BGC0000955
398,AHCD02000116.1.region001,['antibacterial'],0.3333333333333333,BGC0000955
399,JAAHFO010000023.region001,['antibacterial'],0.3333333333333333,BGC0000955
400,CP043056.1.region010,['antibacterial'],0.3333333333333333,BGC0000955
401,JAAHGI010000002.region001,['antibacterial'],0.3333333333333333,BGC0000955
402,JNLT01000009.1.region002,['antibacterial'],0.3333333333333333,BGC0000955
403,JACHIZ010000001.region007,['antibacterial'],0.3333333333333333,BGC0000654
404,JACHIZ010000001.region010,['antibacterial'],0.3333333333333333,BGC0000955
405,JACHIZ010000001.region011,['antibacterial'],0.3333333333333333,BGC0000955
406,JH992892.1.region001,['antibacterial'],0.3333333333333333,BGC0000955
407,JH992893.1.region005,['antibacterial'],0.3333333333333333,BGC0000955
408,JH993793.1.region001,['antibacterial'],0.3333333333333333,BGC0000955
409,JNLT01000009.1.region003,['unknown'],0.3333333333333333,BGC0000911
410,JACHIZ010000001.region005,['antibacterial'],0.3333333333333333,BGC0000955
411,JNLT01000009.1.region004,['antibacterial'],0.3333333333333333,BGC0000955
412,JOIW01000003.1.region001,['antibacterial'],0.3333333333333333,BGC0001512
413,KB846722.1.region001,['antibacterial'],0.3333333333333333,BGC0000955
414,KB898990.1.region007,['unknown'],0.3333333333333333,BGC0000911
415,KB898991.1.region002,['unknown'],0.3333333333333333,BGC0000912
416,KB898998.1.region001,['antibacterial'],0.3333333333333333,BGC0000955
417,JAAHGS010000018.region001,['antibacterial'],0.3333333333333333,BGC0000955
418,c02138_NODE_21...region001,['antibacterial'],0.3333333333333333,BGC0000955
419,JAASAX010000008.region002,['antibacterial'],0.3333333333333333,BGC0000955
420,JAAHHJ010000002.region001,['antibacterial'],0.3333333333333333,BGC0000955
421,JAAHGS010000020.region001,['antibacterial'],0.3333333333333333,BGC0000955
422,JAAHGU010000163.region001,['antibacterial'],0.3333333333333333,BGC0000955
423,JAAHGX010000016.region001,['antibacterial'],0.3333333333333333,BGC0000955
424,JAAHHE010000034.region001,['antibacterial'],0.3333333333333333,BGC0000955
425,JAAHHE010000184.region001,['antibacterial'],0.3333333333333333,BGC0000955
426,JAAHHE010000224.region001,['antibacterial'],0.3333333333333333,BGC0000955
427,JAASAW010000052.region001,['antibacterial'],0.3333333333333333,BGC0000955
428,JAAHHI010000094.region001,['antibacterial'],0.3333333333333333,BGC0000955
429,JAAHHJ010000014.region001,['antibacterial'],0.3333333333333333,BGC0000955
430,JAAHHM010000039.region001,['antibacterial'],0.3333333333333333,BGC0000955
431,JAAHIG010000063.region001,['antibacterial'],0.3333333333333333,BGC0000955
432,JAAHIH010000004.region002,['antibacterial'],0.3333333333333333,BGC0000955
433,AZXH01000038.1.region001,['unknown'],0.3157894736842105,BGC0001006
434,SHKZ01000001.1.region013,['unknown'],0.3157894736842105,BGC0001006
435,ARHU01000020.1.region001,['unknown'],0.3125,BGC0000286
436,KB897757.1.region001,['unknown'],0.3125,BGC0000286
437,c00810_NODE_81...region001,['antifungal'],0.3076923076923077,BGC0000836
438,SHLF01000003.1.region002,['cytotoxic'],0.3076923076923077,BGC0001221
